date,North Site (Inflow),Mike Webb (Inflow),Dam (Outflow)
20140429,52.98,120.57,18.79
20140430,49.96,409.85,21.71
20140501,55.86,80.55,18.78
20140502,53.28,77.56,20.81
20140503,49.91,74.22,17.47
20140504,50.84,60.55,20.88
20140505,48.25,42.33,19.43
20140506,59.12,99.69,25.71
20140507,52.76,46.3,18.79
20140508,49.76,53.44,20.38
20140509,60.89,38.36,26.56
20140510,48.52,112.15,21.99
20140511,49.41,59.02,22.14
20140512,62.37,126.6,23.66
20140513,57.24,91.12,26.58
20140514,59.25,108.68,22.38
20140515,58.91,110.28,19.3
20140516,72.31,120.65,16.41
20140517,80.13,62.43,16.31
20140518,43.46,79.23,20.8
20140519,73.96,104.83,27.86
20140520,60.4,134.69,19.55
20140521,70.23,127.26,18.17
20140522,82.6,111.24,21.14
20140523,95.4,101,15.23
20140524,73.28,107.4,22.19
20140525,61.44,80.18,24.25
20140526,53.98,117.79,26.42
20140527,51.81,115.42,27.9
20140528,48.39,70.41,24.25
20140529,46.43,140.39,35.32
20140530,41.41,93.39,29.14
20140531,41.43,92.57,29.55
20140601,37.73,63.42,23.78
20140602,50.38,77.99,28.44
20140603,47.82,71.95,31.41
20140604,52.55,60.69,34.38
20140605,45.82,58.65,37.35
20140606,49.83,43.93,167.4
20140607,43.86,43.72,35.33
20140608,48.72,46.69,37.78
20140609,46.58,54.73,35.15
20140610,52.21,42.25,26.75
20140611,49.4,64.56,44.43
20140612,128.96,38.02,92.7
20140613,31.24,45.54,259.08
20140614,38.81,54.99,240.44
20140615,37.49,44.35,28.65
20140616,36.67,42.07,87.47
20140617,57.01,61.45,23.46
20140618,63.34,60.27,32.77
20140619,55.77,42.9,22.44
20140620,51.87,42.29,31.27
20140621,47.96,46.25,22.01
20140622,44.06,45.23,70.7
20140623,40.15,44.37,185.85
20140624,36.25,75.68,226.73
20140625,32.92,77.8,201.21
20140626,39.99,64.19,95.28
20140627,39.63,87.93,61.66
20140628,40.89,71.65,27.19
20140629,37.33,57.34,20.57
20140630,34.79,66.73,37.38
20140701,36.37,62.52,22.21
20140702,36.49,51.48,433.69
20140703,31.88,622.37,318.06
20140704,31.39,195.79,131.97
20140705,31.13,689.68,97.69
20140706,35.95,271.2,91.05
20140707,36.29,233.27,76.87
20140708,32.86,79.32,151.69
20140709,29.22,27.98,173.82
20140710,33.68,28.61,141.59
20140711,34.02,27.14,308.27
20140712,37.46,26.91,317.5
20140713,34.66,28.94,497.64
20140714,36.78,28.89,777.7
20140715,36.97,28.9,238.97
20140716,38.06,27.67,155.5
20140717,39.99,26.17,748.81
20140718,40.23,22.52,746.84
20140719,30.2,25.02,458.93
20140720,34.5,26.31,194.25
20140721,38.81,26.93,98
20140722,43.11,19.29,82.14
20140723,42.47,23.7,80.1
20140724,39.39,55.84,47.89
20140725,40.47,32.82,37.78
20140726,45.27,30.65,45.94
20140727,41.98,33.82,32.18
20140728,81.81,30.39,35.93
20140729,71.66,34.95,41.29
20140730,76.03,44.71,46.52
20140731,259.72,29.18,62.11
20140801,99.12,83.55,53.49
20140802,-9999,39.04,53.56
20140803,-9999,38.86,115.12
20140804,-9999,47.45,126.76
20140805,-9999,100.51,51.67
20140806,-9999,88.32,47.06
20140807,-9999,72.26,39.35
20140808,-9999,43.52,38.89
20140809,-9999,149.92,31.7
20140810,-9999,48.08,25.33
20140811,-9999,79.06,46.11
20140812,-9999,43.04,38.72
20140813,-9999,110.5,44.28
20140814,-9999,49.53,41.52
20140815,-9999,49.53,42.45
20140816,-9999,60.64,43.37
20140817,-9999,45.08,44.3
20140818,-9999,36.39,45.22
20140819,-9999,38.36,46.15
20140820,-9999,32.01,47.07
20140821,-9999,30.62,41.33
20140822,-9999,39.41,54.66
20140823,-9999,32.56,87.01
20140824,-9999,33.45,71.6
20140825,-9999,50.76,65.12
20140826,-9999,37.23,60.67
20140827,-9999,33.85,92.17
20140828,-9999,35.97,75.57
20140829,-9999,28.14,70.76
20140830,-9999,29.97,93.42
20140831,-9999,33.37,96.09
20140901,-9999,33.39,120.72
20140902,-9999,37.92,69.11
20140903,-9999,35.4,73.21
20140904,-9999,31.23,76.48
20140905,-9999,30.11,87.95
20140906,-9999,38.84,77.31
20140907,-9999,31.31,70.15
20140908,-9999,32.02,53.23
20140909,-9999,32.3,74.26
20140910,-9999,44.17,107.61
20140911,-9999,33.28,139.21
20140912,-9999,31.26,60.39
20140913,-9999,36.34,75.85
20140914,-9999,31.07,75.26
20140915,-9999,34.4,75.85
20140916,-9999,34.97,77.42
20140917,-9999,37,125.19
20140918,-9999,28.48,66.27
20140919,-9999,26.98,70.14
20140920,-9999,33.77,90.7
20140921,-9999,43,106.09
20140922,-9999,29.47,74.2
20140923,-9999,30.78,82.06
20140924,-9999,30.62,69.61
20140925,-9999,31.43,66.94
20140926,-9999,31.67,75.2
20140927,-9999,32.88,131.41
20140928,-9999,36.14,185.93
20140929,-9999,30.96,72.29
20140930,-9999,30.02,59.95
20141001,-9999,27.29,63.55
20141002,-9999,31.94,61.15
20141003,-9999,28.88,50.55
20141004,-9999,28.83,56.61
20141005,-9999,29.4,55.73
20141006,-9999,29.33,48.96
20141007,-9999,30.59,58.26
20141008,-9999,30.31,50.51
20141009,-9999,28.48,56.26
20141010,-9999,35.23,51.51
20141011,-9999,44.89,64.47
20141012,-9999,36.36,68.05
20141013,-9999,34.92,52.05
20141014,-9999,43.89,57.54
20141015,-9999,31.19,57.95
20141016,-9999,29.67,49.31
20141017,-9999,37.54,58.91
20141018,-9999,25.58,58.82
20141019,-9999,30.78,59.85
20141020,-9999,33.38,48.34
20141021,-9999,30.71,48.08
20141022,-9999,29.69,45.28
20141023,-9999,46.08,42.98
20141024,-9999,29.05,44.24
20141025,-9999,31.49,47.78
20141026,-9999,42.68,55.09
20141027,-9999,30.6,50.46
20141028,-9999,64.68,276.49
20141029,-9999,104.37,327.47
20141030,-9999,79.45,152.81
20141031,-9999,117.59,83.39
20141101,-9999,181.18,71.7
20141102,-9999,76.08,71.52
20141103,-9999,122.55,71.31
20141104,-9999,162.43,66.27
20141105,-9999,120.65,56.8
20141106,-9999,81.23,81.72
20141107,-9999,113.19,88.83
20141108,-9999,125.47,110.56
20141109,-9999,139.15,128.31
20141110,-9999,119.25,123.47
20141111,-9999,114.64,119.04
20141112,-9999,61.84,114.98
20141113,-9999,60.48,111.25
20141114,-9999,72.7,107.84
20141115,-9999,96.13,104.71
20141116,-9999,40.21,101.84
20141117,-9999,32.02,99.21
20141118,-9999,53.88,96.8
20141119,-9999,58.62,94.59
20141120,-9999,70.44,92.56
20141121,-9999,84.38,70.28
20141122,-9999,57.73,107.9
20141123,-9999,72.62,173.85
20141124,-9999,47.64,91.88
20141125,-9999,56.71,65.82
20141126,-9999,58.48,101.18
20141127,-9999,54.41,85.39
20141128,-9999,54.49,62.63
20141129,115.98,53.8,48.34
20141130,60.34,54.62,48.35
20141201,49.14,68.66,48.36
20141202,30.4,65.68,48.37
20141203,27.1,50.97,48.39
20141204,27.95,38.44,48.4
20141205,27.84,38.64,48.41
20141206,35.69,48.45,48.42
20141207,35.14,58.06,33.16
20141208,35.84,75.38,29.13
20141209,35.03,45.73,30.28
20141210,39.72,48.07,42.25
20141211,39.38,61.89,38.78
20141212,44.45,64.3,38.59
20141213,52.78,71.55,47.12
20141214,34.87,56.23,34.86
20141215,32.25,57.99,50.05
20141216,85.69,28.22,15.56
20141217,103.31,34.78,16.24
20141218,209.25,45.38,20.21
20141219,164.08,59.87,29.64
20141220,165.62,46.73,24.24
20141221,204.85,47.57,28.41
20141222,92.5,56.08,24.11
20141223,81.76,45.76,31.39
20141224,143.71,90.38,29.38
20141225,148.85,84.45,25.5
20141226,217.25,53.7,23.17
20141227,119.32,40.94,20.84
20141228,82.74,35.84,18.51
20141229,55.96,39.57,20.26
20141230,53.93,43.29,22.01
20141231,51.9,47.02,23.76
20150101,49.87,50.74,25.51
20150102,47.84,54.47,27.25
20150103,45.8,58.19,29
20150104,43.77,61.92,30.75
20150105,41.74,65.64,0.21
20150106,39.71,92.51,34.25
20150107,51.46,44.27,29.1
20150108,59.29,36.15,36.7
20150109,46.67,40.09,36.88
20150110,43.45,47.64,37.07
20150111,37.47,55.18,37.25
20150112,35.72,61.49,37.44
20150113,45.56,29.86,37.62
20150114,41.87,52.5,41.01
20150115,42.18,39.27,44.41
20150116,43.13,49.62,47.8
20150117,35.24,34.98,30.9
20150118,72.08,52.19,49.13
20150119,67.35,63.86,39.23
20150120,64.95,44.38,34.16
20150121,64.92,47.24,36.26
20150122,49.86,55.14,27.81
20150123,51.96,36.48,38.56
20150124,59.78,53.5,29.39
20150125,91.99,68.95,32.27
20150126,80.21,96.74,32.3
20150127,69.69,146.06,38.5
20150128,66.06,75.17,31.32
20150129,55.76,76.58,26.43
20150130,53.5,43.88,29.47
20150131,52.91,54.63,30.01
20150201,50.11,61.1,28.05
20150202,50.07,45.31,25.83
20150203,89.28,72.52,27.17
20150204,51.77,50.68,30.33
20150205,47.26,51.35,29.55
20150206,65.84,66.45,29.97
20150207,139.12,64.08,41.22
20150208,83.8,43.72,32.46
20150209,68.08,41.49,37.85
20150210,81.99,64.14,33.22
20150211,70.93,56.75,32.39
20150212,60.4,125.94,31.57
20150213,71.39,97.78,30.74
20150214,68.21,99.38,29.92
20150215,76.14,104.4,29.09
20150216,72.52,45.51,28.27
20150217,71.08,57.45,27.44
20150218,63.71,58.89,26.62
20150219,48.88,116.06,25.79
20150220,77.83,39.91,26.62
20150221,52.71,56.99,28.79
20150222,73.64,47.45,26.49
20150223,58.9,48.98,26.64
20150224,70.25,60.44,26.28
20150225,69.61,61.82,30.39
20150226,99.35,47.1,29.05
20150227,76.42,43.83,30.08
20150228,76.81,38.49,27.43
20150301,79.64,39.56,30.49
20150302,45.25,27.27,26.58
20150303,111.7,54.24,31.11
20150304,62.73,49.18,32.15
20150305,57.75,446.04,35.06
20150306,84.07,51.41,36.45
20150307,80.41,46.66,31.4
20150308,79.41,74.74,33.71
20150309,78.4,73.14,36.82
20150310,77.4,98.57,32.49
20150311,58.05,48.1,25.91
20150312,60.43,0.12,0.29
20150313,62.81,56.45,31.5
20150314,74.83,61.31,35.07
20150315,107.3,123.11,51.26
20150316,124.7,194.93,64.93
20150317,106.02,99.12,79.64
20150318,99.12,110.69,71.28
20150319,68.65,239.21,43.71
20150320,78.86,367.11,26.86
20150321,101.21,104.68,28.33
20150322,76.94,106.25,29.18
20150323,66.42,64.02,32.08
20150324,82.06,76.29,32.04
20150325,72.2,100.69,39.36
20150326,77.93,114.8,37.52
20150327,75.36,109.85,35.69
20150328,66.89,346.64,33.85
20150329,70.28,261.74,32.01
20150330,66.04,345.08,30.17
20150331,65.68,306.92,28.34
20150401,64.9,132.19,26.5
20150402,68.13,438.67,24.66
20150403,79.62,278.86,24.65
20150404,73.69,338.71,24.37
20150405,76.94,514.83,24.4
20150406,91.17,467.2,37.28
20150407,78.73,351.04,21.83
20150408,67.5,472.02,21.26
20150409,74.49,314.94,24.41
20150410,72.31,419.91,27.34
20150411,79.78,324.69,25.68
20150412,79.25,304.37,31.01
20150413,76.09,214.51,28.31
20150414,91.51,321.47,29.62
20150415,95.17,218.25,29.54
20150416,77.29,246.3,41.42
20150417,80.76,250.02,60.51
20150418,103.72,213.6,22.34
20150419,87.28,340.04,22.9
20150420,71.27,362.66,22.75
20150421,83.42,410.26,46.04
20150422,96.11,324.6,30.1
20150423,86.88,332.02,30.58
20150424,110.03,466.39,31.06
20150425,79.92,398.73,31.54
20150426,109.58,387.1,32.02
20150427,89.18,328.28,32.49
20150428,96.08,466.84,32.97
20150429,67.96,359.16,33.45
